<?xml version="1.0" encoding="utf-8"?>
<component size="1136,640">
  <displayList>
    <graph id="n15" name="n15" xy="532,76" size="568,445" type="rect" lineSize="4" lineColor="#ff339966" fillColor="#00ffffff"/>
    <text id="n3" name="n3" xy="450,17" size="185,31" fontSize="27" color="#ffffff" bold="true" text="Color Filter"/>
    <component id="n5" name="s0" src="srct2" xy="142,167">
      <Slider value="100" max="200"/>
    </component>
    <component id="n6" name="s1" src="srct2" xy="142,253">
      <Slider value="100" max="200"/>
    </component>
    <component id="n7" name="s2" src="srct2" xy="140,333">
      <Slider value="100" max="200"/>
    </component>
    <text id="n8" name="n8" xy="67,128" size="135,29" fontSize="25" color="#ffffff" text="brightness"/>
    <text id="n9" name="n9" xy="67,213" size="109,29" fontSize="25" color="#ffffff" text="contrast"/>
    <component id="n10" name="s3" src="srct2" xy="143,407">
      <Slider value="100" max="200"/>
    </component>
    <text id="n11" name="n11" xy="67,288" size="135,29" fontSize="25" color="#ffffff" text="saturation"/>
    <text id="n12" name="n12" xy="67,369" size="44,29" fontSize="25" color="#ffffff" text="hue"/>
    <image id="n0" name="n0" src="v5sa1" xy="565,102" filter="color" filterData="0.00,0.00,0.00,1.00"/>
    <jta id="n13" name="n13" src="srctk" xy="867,145" filter="color" filterData="0.00,0.00,0.00,1.00"/>
    <component id="n14" name="n14" src="srctl" xy="849,291" pivot="0.5,0.5" filter="color" filterData="0.00,0.00,0.00,1.00">
      <Button icon="ui://9fb2r88osrctn"/>
    </component>
  </displayList>
</component>